{
  "DME3jKxs8uj": {
    "shortcode": "DME3jKxs8uj",
    "username": "ubcwsoccer",
    "caption": "Congratulation to all the players / staff (past, present and future) on winning League 1 BC and now representing BC at the League 1 Canada Interprovincial Championship! #moretocome \n\n@wsoccer.ca @ubctbirds @1bcsoccer @bc_soccer_news @league1bc @league1canada",
    "likes": 443,
    "timestamp": "2025-07-14 05:13:47",
    "post_url": "https://www.instagram.com/p/DME3jKxs8uj/",
    "media_count": 1,
    "downloaded_at": "2025-07-22 18:33:45",
    "media": [
      "https://scontent-sea1-1.cdninstagram.com/v/t51.2885-15/518848386_18519506251063796_3091941074630630334_n.jpg?stp=dst-jpg_e35_tt6&efg=eyJ2ZW5jb2RlX3RhZyI6IkZFRUQuaW1hZ2VfdXJsZ2VuLjExNzB4ODQ1LnNkci5mODI3ODcuZGVmYXVsdF9pbWFnZS5jMiJ9&_nc_ht=scontent-sea1-1.cdninstagram.com&_nc_cat=108&_nc_oc=Q6cZ2QHXwQ1XbuoMK9CckfUUPEvosgUXJUltfGTFDh84fIHH5qqR5Ub8vNtnwwlkDF7jvVI&_nc_ohc=nLpa4g5rew4Q7kNvwH4jEV0&_nc_gid=bWNvduVFz2gC8d-mskxxtQ&edm=ABmJApABAAAA&ccb=7-5&ig_cache_key=MzY3NjMwNzUwNTE1MjI0ODczOQ%3D%3D.3-ccb7-5&oh=00_AfTwpL_rmJ_iLAJwrONuV9lIBIKm9LAOKCwsI2c3kpLa-w&oe=688611A2&_nc_sid=b41fef"
    ],
    "profile": {
      "biography": "Official Instagram of UBC Women's Soccer\ud83c\udde8\ud83c\udde6\u26bd\ufe0f\n9x National Champions \ud83c\udfc6 Including 2024\n17x CanadaWest Champions \ud83c\udfc6 Including 2024",
      "profile_pic_url": "https://scontent-sea5-1.cdninstagram.com/v/t51.2885-19/331767340_1381046746041082_306898841288439661_n.jpg?stp=dst-jpg_s320x320_tt6&efg=eyJ2ZW5jb2RlX3RhZyI6InByb2ZpbGVfcGljLmRqYW5nby4zOTkuYzIifQ&_nc_ht=scontent-sea5-1.cdninstagram.com&_nc_cat=110&_nc_oc=Q6cZ2QFlpHaGzFROhoqvDjCrmNzQj5MKxfjyBzMVuSD1vcAXEb3oA0vZhufGZL2pqSGsddQ&_nc_ohc=PE-a1z8942QQ7kNvwEbDh4E&_nc_gid=xh0uIFcp-UimaAZIznEIug&edm=AOQ1c0wBAAAA&ccb=7-5&oh=00_AfShxcThNv48H_-0g-OEH9JwLZ6HO292A7gQXH2gn6DPTQ&oe=68862902&_nc_sid=8b3546"
    },
    "isEvent": false,
    "eventDayTime": null,
    "userFetchedFrom": "ubcwsoccer"
  },
  "DL0fhHBhkUN": {
    "shortcode": "DL0fhHBhkUN",
    "username": "ubcwsoccer",
    "caption": "Preseason \ud83d\udd12\n\n2 trips to \ud83c\uddfa\ud83c\uddf8 and a match vs the USPORTS championship hosts!",
    "likes": 164,
    "timestamp": "2025-07-07 20:35:56",
    "post_url": "https://www.instagram.com/p/DL0fhHBhkUN/",
    "media_count": 1,
    "downloaded_at": "2025-07-22 18:33:46",
    "media": [
      "https://scontent-sea1-1.cdninstagram.com/v/t51.2885-15/516606382_18518354164063796_7921003239888856122_n.jpg?stp=dst-jpg_e35_tt6&efg=eyJ2ZW5jb2RlX3RhZyI6IkZFRUQuaW1hZ2VfdXJsZ2VuLjEwODB4MTA4MC5zZHIuZjgyNzg3LmRlZmF1bHRfaW1hZ2UuYzIifQ&_nc_ht=scontent-sea1-1.cdninstagram.com&_nc_cat=108&_nc_oc=Q6cZ2QHXwQ1XbuoMK9CckfUUPEvosgUXJUltfGTFDh84fIHH5qqR5Ub8vNtnwwlkDF7jvVI&_nc_ohc=ULqZvEoi3hEQ7kNvwH2XChO&_nc_gid=bWNvduVFz2gC8d-mskxxtQ&edm=ABmJApABAAAA&ccb=7-5&ig_cache_key=MzY3MTY5ODIxMDk0MDE0Mjg2MQ%3D%3D.3-ccb7-5&oh=00_AfTJlTlT9A4-yi-m1IaLLtX_XtaiVvyXo4SCzOzrxozE0A&oe=6886159C&_nc_sid=b41fef"
    ],
    "profile": {
      "biography": "Official Instagram of UBC Women's Soccer\ud83c\udde8\ud83c\udde6\u26bd\ufe0f\n9x National Champions \ud83c\udfc6 Including 2024\n17x CanadaWest Champions \ud83c\udfc6 Including 2024",
      "profile_pic_url": "https://scontent-sea5-1.cdninstagram.com/v/t51.2885-19/331767340_1381046746041082_306898841288439661_n.jpg?stp=dst-jpg_s320x320_tt6&efg=eyJ2ZW5jb2RlX3RhZyI6InByb2ZpbGVfcGljLmRqYW5nby4zOTkuYzIifQ&_nc_ht=scontent-sea5-1.cdninstagram.com&_nc_cat=110&_nc_oc=Q6cZ2QFlpHaGzFROhoqvDjCrmNzQj5MKxfjyBzMVuSD1vcAXEb3oA0vZhufGZL2pqSGsddQ&_nc_ohc=PE-a1z8942QQ7kNvwEbDh4E&_nc_gid=xh0uIFcp-UimaAZIznEIug&edm=AOQ1c0wBAAAA&ccb=7-5&oh=00_AfShxcThNv48H_-0g-OEH9JwLZ6HO292A7gQXH2gn6DPTQ&oe=68862902&_nc_sid=8b3546"
    },
    "isEvent": false,
    "eventDayTime": null,
    "userFetchedFrom": "ubcwsoccer"
  },
  "DMOUSAOzhVJ": {
    "shortcode": "DMOUSAOzhVJ",
    "username": "ubctbirds",
    "caption": "The Thunderbirds are thrilled to welcome back standout alumna Jessica Hanson (2015-20), named lead assistant coach of UBC Women\u2019s Basketball for the 2025-26 season.\n\nA former @canadawestofficial All Rookie team selection & All Star, Hanson is one of the best all-around players in program history! \ud83e\udd29\n\nShe returns to Point Grey after spending the last five years playing professionally in Germany & Portugal. \n\nWelcome back, Jess! \ud83e\udd17",
    "likes": 1458,
    "timestamp": "2025-07-17 21:18:01",
    "post_url": "https://www.instagram.com/p/DMOUSAOzhVJ/",
    "media_count": 2,
    "downloaded_at": "2025-07-22 18:34:28",
    "media": [
      "https://scontent-sea5-1.cdninstagram.com/v/t51.2885-15/520689621_18515152771028722_164287634025888807_n.jpg?stp=dst-jpg_e35_tt6&efg=eyJ2ZW5jb2RlX3RhZyI6IkNBUk9VU0VMX0lURU0uaW1hZ2VfdXJsZ2VuLjE0NDB4OTc2LnNkci5mODI3ODcuZGVmYXVsdF9pbWFnZS5jMiJ9&_nc_ht=scontent-sea5-1.cdninstagram.com&_nc_cat=110&_nc_oc=Q6cZ2QGwW1ltzPA-dRKaqShBKvPx3UY26Slr2nYqR6P0nI_NTIUfvUX27rr7OwsHDH8IpAI&_nc_ohc=WhufohP2GTgQ7kNvwF7_XB8&_nc_gid=aT7nlz9UByHc79bkKqZChw&edm=ABmJApABAAAA&ccb=7-5&ig_cache_key=MzY3ODk2NzEzNDk3MTMwNjM4Nw%3D%3D.3-ccb7-5&oh=00_AfQWPwCCywDtIuHPj2QIrYbybrlck57hxPRKA8iHiLCN0Q&oe=68860EF8&_nc_sid=b41fef",
      "https://scontent-sea5-1.cdninstagram.com/v/t51.2885-15/521815232_18515152780028722_8085528589069228057_n.jpg?stp=dst-jpg_e35_tt6&efg=eyJ2ZW5jb2RlX3RhZyI6IkNBUk9VU0VMX0lURU0uaW1hZ2VfdXJsZ2VuLjE0NDB4OTc2LnNkci5mODI3ODcuZGVmYXVsdF9pbWFnZS5jMiJ9&_nc_ht=scontent-sea5-1.cdninstagram.com&_nc_cat=110&_nc_oc=Q6cZ2QGwW1ltzPA-dRKaqShBKvPx3UY26Slr2nYqR6P0nI_NTIUfvUX27rr7OwsHDH8IpAI&_nc_ohc=AdYzQNwemhIQ7kNvwEar2mJ&_nc_gid=aT7nlz9UByHc79bkKqZChw&edm=ABmJApABAAAA&ccb=7-5&ig_cache_key=MzY3ODk2NzEzNTE3MjY0MjkxNw%3D%3D.3-ccb7-5&oh=00_AfQPS5KgqV2wxCWNm3kce-SSNGHfx2Bv-p4wxwrxCMH1qA&oe=688607AF&_nc_sid=b41fef"
    ],
    "profile": {
      "biography": "The official Instagram account of the UBC Thunderbirds. #GoBirdsGo",
      "profile_pic_url": "https://scontent-sea1-1.cdninstagram.com/v/t51.2885-19/315054186_498567938968302_8707684557534087555_n.jpg?stp=dst-jpg_s320x320_tt6&efg=eyJ2ZW5jb2RlX3RhZyI6InByb2ZpbGVfcGljLmRqYW5nby4zMjAuYzIifQ&_nc_ht=scontent-sea1-1.cdninstagram.com&_nc_cat=106&_nc_oc=Q6cZ2QGn97UU3tBX7jCJ6PL56uM-7hBSd-e4WGUGx-YAgGeLa2OnDHhYUW0Q8M01VCjSzdU&_nc_ohc=t0FRkY-Nv8kQ7kNvwHSONlP&_nc_gid=c9qrwJYh14I70Zty4hq-4g&edm=AOQ1c0wBAAAA&ccb=7-5&oh=00_AfQPRmdGiz_x50PvwY_sF5BX1x0yIywB4Mev4EnKU7s5yA&oe=6885F577&_nc_sid=8b3546"
    },
    "isEvent": false,
    "eventDayTime": null,
    "userFetchedFrom": "ubctbirds"
  },
  "DMOD8_xS8Ef": {
    "shortcode": "DMOD8_xS8Ef",
    "username": "ubctbirds",
    "caption": "A true UBC legend, for nearly four decades Nestor Korchinsky\u2019s profound impact on campus life helped build the \u201csoul\u201d of UBC through recreation & intramurals. \n\nNow his legacy lives on with the creation of \u201cNestor\u2019s Gym\u201d in the new Rec Centre North!\ud83d\udc4f\n\nFind the full story on gothunderbirds.ca",
    "likes": 771,
    "timestamp": "2025-07-17 18:55:20",
    "post_url": "https://www.instagram.com/p/DMOD8_xS8Ef/",
    "media_count": 1,
    "downloaded_at": "2025-07-22 18:34:29",
    "media": [
      "https://scontent-sea5-1.cdninstagram.com/v/t51.2885-15/521151714_18515135623028722_785042748277561385_n.jpg?stp=dst-jpg_e35_tt6&efg=eyJ2ZW5jb2RlX3RhZyI6IkZFRUQuaW1hZ2VfdXJsZ2VuLjE0NDB4MTA4MC5zZHIuZjgyNzg3LmRlZmF1bHRfaW1hZ2UuYzIifQ&_nc_ht=scontent-sea5-1.cdninstagram.com&_nc_cat=110&_nc_oc=Q6cZ2QGwW1ltzPA-dRKaqShBKvPx3UY26Slr2nYqR6P0nI_NTIUfvUX27rr7OwsHDH8IpAI&_nc_ohc=W2VHWxcTf9IQ7kNvwF4xjtq&_nc_gid=aT7nlz9UByHc79bkKqZChw&edm=ABmJApABAAAA&ccb=7-5&ig_cache_key=MzY3ODg5NTMzMTM4OTE5NDUyNw%3D%3D.3-ccb7-5&oh=00_AfQ9JIdVr0xMjCRR-8ODiD102Fz16KulKGXZHIeRjbP8hw&oe=68861BBC&_nc_sid=b41fef"
    ],
    "profile": {
      "biography": "The official Instagram account of the UBC Thunderbirds. #GoBirdsGo",
      "profile_pic_url": "https://scontent-sea1-1.cdninstagram.com/v/t51.2885-19/315054186_498567938968302_8707684557534087555_n.jpg?stp=dst-jpg_s320x320_tt6&efg=eyJ2ZW5jb2RlX3RhZyI6InByb2ZpbGVfcGljLmRqYW5nby4zMjAuYzIifQ&_nc_ht=scontent-sea1-1.cdninstagram.com&_nc_cat=106&_nc_oc=Q6cZ2QGn97UU3tBX7jCJ6PL56uM-7hBSd-e4WGUGx-YAgGeLa2OnDHhYUW0Q8M01VCjSzdU&_nc_ohc=t0FRkY-Nv8kQ7kNvwHSONlP&_nc_gid=c9qrwJYh14I70Zty4hq-4g&edm=AOQ1c0wBAAAA&ccb=7-5&oh=00_AfQPRmdGiz_x50PvwY_sF5BX1x0yIywB4Mev4EnKU7s5yA&oe=6885F577&_nc_sid=8b3546"
    },
    "isEvent": false,
    "eventDayTime": null,
    "userFetchedFrom": "ubctbirds"
  },
  "DJfNAKABGjP": {
    "shortcode": "DJfNAKABGjP",
    "username": "jasontheween",
    "caption": "21 \ud83c\udf89",
    "likes": 156345,
    "timestamp": "2025-05-10 21:07:19",
    "post_url": "https://www.instagram.com/p/DJfNAKABGjP/",
    "media_count": 8,
    "downloaded_at": "2025-07-22 18:35:32",
    "media": [
      "https://scontent-sea1-1.cdninstagram.com/v/t51.2885-15/496744217_18272299096283012_2368934781365264785_n.jpg?stp=dst-jpg_e35_tt6&efg=eyJ2ZW5jb2RlX3RhZyI6IkNBUk9VU0VMX0lURU0uaW1hZ2VfdXJsZ2VuLjE0NDB4MTgwMC5zZHIuZjc1NzYxLmRlZmF1bHRfaW1hZ2UuYzIifQ&_nc_ht=scontent-sea1-1.cdninstagram.com&_nc_cat=108&_nc_oc=Q6cZ2QEWWPbeyQr9x4geQK2pKc2wTgxaZKIaioyXdoI4Jk3S8LYu5mi70qQEHSovSRutxss&_nc_ohc=NdFXHKeFRrgQ7kNvwGILyVi&_nc_gid=hEYzy6noWuUQ7oFHtH6s0g&edm=ABmJApABAAAA&ccb=7-5&ig_cache_key=MzYyOTY3Njk5NTA2MTE3MzEwMw%3D%3D.3-ccb7-5&oh=00_AfQWR2tH_S6vivtToWTQnWHNddXZNC12JOy4O6s_6nT_Eg&oe=688620AD&_nc_sid=b41fef",
      "https://scontent-sea1-1.cdninstagram.com/v/t51.2885-15/497214418_18272299108283012_8488762996494767627_n.jpg?stp=dst-jpg_e35_tt6&efg=eyJ2ZW5jb2RlX3RhZyI6IkNBUk9VU0VMX0lURU0uaW1hZ2VfdXJsZ2VuLjE0NDB4MTgwMC5zZHIuZjc1NzYxLmRlZmF1bHRfaW1hZ2UuYzIifQ&_nc_ht=scontent-sea1-1.cdninstagram.com&_nc_cat=108&_nc_oc=Q6cZ2QEWWPbeyQr9x4geQK2pKc2wTgxaZKIaioyXdoI4Jk3S8LYu5mi70qQEHSovSRutxss&_nc_ohc=NeQo2EbO6sMQ7kNvwH-xeg-&_nc_gid=hEYzy6noWuUQ7oFHtH6s0g&edm=ABmJApABAAAA&ccb=7-5&ig_cache_key=MzYyOTY3Njk5NTA3Nzg2NDkwMQ%3D%3D.3-ccb7-5&oh=00_AfTIWG7j06WWJFTN2Qqxtn_DLp3kSHqRMwR9FqjlYzhD8g&oe=688606EE&_nc_sid=b41fef",
      "https://scontent-sea1-1.cdninstagram.com/v/t51.2885-15/497187984_18272299117283012_8484273985263900758_n.jpg?stp=dst-jpg_e35_tt6&efg=eyJ2ZW5jb2RlX3RhZyI6IkNBUk9VU0VMX0lURU0uaW1hZ2VfdXJsZ2VuLjE0NDB4MTgwMC5zZHIuZjc1NzYxLmRlZmF1bHRfaW1hZ2UuYzIifQ&_nc_ht=scontent-sea1-1.cdninstagram.com&_nc_cat=108&_nc_oc=Q6cZ2QEWWPbeyQr9x4geQK2pKc2wTgxaZKIaioyXdoI4Jk3S8LYu5mi70qQEHSovSRutxss&_nc_ohc=2FNxy_yhslMQ7kNvwFA0YVj&_nc_gid=hEYzy6noWuUQ7oFHtH6s0g&edm=ABmJApABAAAA&ccb=7-5&ig_cache_key=MzYyOTY3Njk5NTQwNTEwNTgwNA%3D%3D.3-ccb7-5&oh=00_AfSFjPaB1_N7WnhAC5dqO-LYtEL546ibEvFSt9XCzlK1Qw&oe=6885F527&_nc_sid=b41fef",
      "https://scontent-sea1-1.cdninstagram.com/v/t51.2885-15/497142091_18272299129283012_342411268638020084_n.jpg?stp=dst-jpg_e35_tt6&efg=eyJ2ZW5jb2RlX3RhZyI6IkNBUk9VU0VMX0lURU0uaW1hZ2VfdXJsZ2VuLjE0NDB4MTgwMC5zZHIuZjc1NzYxLmRlZmF1bHRfaW1hZ2UuYzIifQ&_nc_ht=scontent-sea1-1.cdninstagram.com&_nc_cat=108&_nc_oc=Q6cZ2QEWWPbeyQr9x4geQK2pKc2wTgxaZKIaioyXdoI4Jk3S8LYu5mi70qQEHSovSRutxss&_nc_ohc=Xc7b-MuTtq0Q7kNvwHVnn-h&_nc_gid=hEYzy6noWuUQ7oFHtH6s0g&edm=ABmJApABAAAA&ccb=7-5&ig_cache_key=MzYyOTY3Njk5NTIxMTk3NTYyNw%3D%3D.3-ccb7-5&oh=00_AfRKmnGDlcyufR5IN0M06Y_VgjTSFgYIP12SnR43-chAjw&oe=6885F80B&_nc_sid=b41fef",
      "https://scontent-sea1-1.cdninstagram.com/v/t51.2885-15/497510037_18272299138283012_667324231278945787_n.jpg?stp=dst-jpg_e35_tt6&efg=eyJ2ZW5jb2RlX3RhZyI6IkNBUk9VU0VMX0lURU0uaW1hZ2VfdXJsZ2VuLjE0NDB4MTgwMC5zZHIuZjc1NzYxLmRlZmF1bHRfaW1hZ2UuYzIifQ&_nc_ht=scontent-sea1-1.cdninstagram.com&_nc_cat=108&_nc_oc=Q6cZ2QEWWPbeyQr9x4geQK2pKc2wTgxaZKIaioyXdoI4Jk3S8LYu5mi70qQEHSovSRutxss&_nc_ohc=BRZvaZYTBhoQ7kNvwHF7aaA&_nc_gid=hEYzy6noWuUQ7oFHtH6s0g&edm=ABmJApABAAAA&ccb=7-5&ig_cache_key=MzYyOTY3Njk5NTA3Nzg2OTQ0Mw%3D%3D.3-ccb7-5&oh=00_AfTcENC5d2GEuDhhDtslb1dXFHlUpJiod_HkzSrnPWw6jQ&oe=68861C5A&_nc_sid=b41fef",
      "https://scontent-sea1-1.cdninstagram.com/v/t51.2885-15/496826856_18272299147283012_2203629347328673240_n.jpg?stp=dst-jpg_e35_tt6&efg=eyJ2ZW5jb2RlX3RhZyI6IkNBUk9VU0VMX0lURU0uaW1hZ2VfdXJsZ2VuLjE0NDB4MTgwMC5zZHIuZjc1NzYxLmRlZmF1bHRfaW1hZ2UuYzIifQ&_nc_ht=scontent-sea1-1.cdninstagram.com&_nc_cat=108&_nc_oc=Q6cZ2QEWWPbeyQr9x4geQK2pKc2wTgxaZKIaioyXdoI4Jk3S8LYu5mi70qQEHSovSRutxss&_nc_ohc=5g3gDdp4sYcQ7kNvwFSj11r&_nc_gid=hEYzy6noWuUQ7oFHtH6s0g&edm=ABmJApABAAAA&ccb=7-5&ig_cache_key=MzYyOTY3Njk5NTA2OTU1NDUxOA%3D%3D.3-ccb7-5&oh=00_AfQJcnR9rtNomJydUXcE8NRnmXUcLZp6jTwKf6gA3jgiHw&oe=68861760&_nc_sid=b41fef",
      "https://scontent-sea1-1.cdninstagram.com/v/t51.2885-15/496426542_18272299159283012_5695143417403079241_n.jpg?stp=dst-jpg_e35_tt6&efg=eyJ2ZW5jb2RlX3RhZyI6IkNBUk9VU0VMX0lURU0uaW1hZ2VfdXJsZ2VuLjE0NDB4MTgwMC5zZHIuZjc1NzYxLmRlZmF1bHRfaW1hZ2UuYzIifQ&_nc_ht=scontent-sea1-1.cdninstagram.com&_nc_cat=108&_nc_oc=Q6cZ2QEWWPbeyQr9x4geQK2pKc2wTgxaZKIaioyXdoI4Jk3S8LYu5mi70qQEHSovSRutxss&_nc_ohc=ZqLSFhzG9EgQ7kNvwEuZDmq&_nc_gid=hEYzy6noWuUQ7oFHtH6s0g&edm=ABmJApABAAAA&ccb=7-5&ig_cache_key=MzYyOTY3Njk5NTM3OTczMTMyNg%3D%3D.3-ccb7-5&oh=00_AfThzg0tOQSokZXRveFxcVnLRs-GhZ2Um6fHlX7ncdcRbg&oe=68861AF5&_nc_sid=b41fef",
      "https://scontent-sea1-1.cdninstagram.com/v/t51.2885-15/496919509_18272299171283012_8428880826205848943_n.jpg?stp=dst-jpg_e35_tt6&efg=eyJ2ZW5jb2RlX3RhZyI6IkNBUk9VU0VMX0lURU0uaW1hZ2VfdXJsZ2VuLjE0NDB4MTgwMC5zZHIuZjc1NzYxLmRlZmF1bHRfaW1hZ2UuYzIifQ&_nc_ht=scontent-sea1-1.cdninstagram.com&_nc_cat=108&_nc_oc=Q6cZ2QEWWPbeyQr9x4geQK2pKc2wTgxaZKIaioyXdoI4Jk3S8LYu5mi70qQEHSovSRutxss&_nc_ohc=pfTE7VSdQWkQ7kNvwGNkxJe&_nc_gid=hEYzy6noWuUQ7oFHtH6s0g&edm=ABmJApABAAAA&ccb=7-5&ig_cache_key=MzYyOTY3Njk5NTA3Nzk1NjY1OA%3D%3D.3-ccb7-5&oh=00_AfQmbSfDvQ8sMjIH-NUXdkw884GixS03y3WGdl8ZotaR6A&oe=6886037F&_nc_sid=b41fef"
    ],
    "profile": {
      "biography": "streamer @fazeclan \njason@unitedtalent.com",
      "profile_pic_url": "https://scontent-sea1-1.cdninstagram.com/v/t51.2885-19/468323926_1291159485213644_2573216907994312971_n.jpg?stp=dst-jpg_s320x320_tt6&efg=eyJ2ZW5jb2RlX3RhZyI6InByb2ZpbGVfcGljLmRqYW5nby4xMDgwLmMyIn0&_nc_ht=scontent-sea1-1.cdninstagram.com&_nc_cat=1&_nc_oc=Q6cZ2QFfko6UjucC0D8-OkoNWAEj8A4CJXkoIrzxaQfAw-dMeGkiCoPIfrz9aScSMhCzl_Y&_nc_ohc=H8Oux7Xox_oQ7kNvwGYXNUN&_nc_gid=b7V_FrAcrYb5u_ElII7UCg&edm=AOQ1c0wBAAAA&ccb=7-5&oh=00_AfSDWBbACF2uWQQN9oGKdpHNBwQsbJHTZ1aJbHZRSV-Y_Q&oe=6885F79F&_nc_sid=8b3546"
    },
    "isEvent": false,
    "eventDayTime": null,
    "userFetchedFrom": "jasontheween"
  },
  "DIwf3_0R5FC": {
    "shortcode": "DIwf3_0R5FC",
    "username": "jasontheween",
    "caption": "je m\u2019appelle jason \ud83c\uddeb\ud83c\uddf7",
    "likes": 134073,
    "timestamp": "2025-04-22 17:47:55",
    "post_url": "https://www.instagram.com/p/DIwf3_0R5FC/",
    "media_count": 6,
    "downloaded_at": "2025-07-22 18:35:38",
    "media": [
      "https://scontent-sea1-1.cdninstagram.com/v/t51.2885-15/491443785_18270248398283012_7241504545234226248_n.jpg?stp=dst-jpg_e35_tt6&efg=eyJ2ZW5jb2RlX3RhZyI6IkNBUk9VU0VMX0lURU0uaW1hZ2VfdXJsZ2VuLjE0NDB4MTgwMC5zZHIuZjc1NzYxLmRlZmF1bHRfaW1hZ2UuYzIifQ&_nc_ht=scontent-sea1-1.cdninstagram.com&_nc_cat=108&_nc_oc=Q6cZ2QEWWPbeyQr9x4geQK2pKc2wTgxaZKIaioyXdoI4Jk3S8LYu5mi70qQEHSovSRutxss&_nc_ohc=-hx9YOocs-0Q7kNvwHEuOD-&_nc_gid=hEYzy6noWuUQ7oFHtH6s0g&edm=ABmJApABAAAA&ccb=7-5&ig_cache_key=MzYxNjUzMDY3ODAxMzA0ODE5Mw%3D%3D.3-ccb7-5&oh=00_AfT384GyIuz7NhoVMwvBA1slmzFog39Pe2MEsgTerlGsyA&oe=68860016&_nc_sid=b41fef",
      "https://scontent-sea1-1.cdninstagram.com/v/t51.2885-15/491443569_18270248410283012_5077989327779187464_n.jpg?stp=dst-jpg_e35_tt6&efg=eyJ2ZW5jb2RlX3RhZyI6IkNBUk9VU0VMX0lURU0uaW1hZ2VfdXJsZ2VuLjE0NDB4MTgwMC5zZHIuZjc1NzYxLmRlZmF1bHRfaW1hZ2UuYzIifQ&_nc_ht=scontent-sea1-1.cdninstagram.com&_nc_cat=108&_nc_oc=Q6cZ2QEWWPbeyQr9x4geQK2pKc2wTgxaZKIaioyXdoI4Jk3S8LYu5mi70qQEHSovSRutxss&_nc_ohc=eg134TF2uQgQ7kNvwHJ7MGs&_nc_gid=hEYzy6noWuUQ7oFHtH6s0g&edm=ABmJApABAAAA&ccb=7-5&ig_cache_key=MzYxNjUzMDY3ODE2Mzk5MzI5MQ%3D%3D.3-ccb7-5&oh=00_AfRqe68B_kOH1sfc_X6ZJggELxakbRnwkWB9xuI5sTDy2Q&oe=68861D10&_nc_sid=b41fef",
      "https://scontent-sea1-1.cdninstagram.com/v/t51.2885-15/491495320_18270248419283012_136175215244258345_n.jpg?stp=dst-jpg_e35_tt6&efg=eyJ2ZW5jb2RlX3RhZyI6IkNBUk9VU0VMX0lURU0uaW1hZ2VfdXJsZ2VuLjE0NDB4MTgwMC5zZHIuZjc1NzYxLmRlZmF1bHRfaW1hZ2UuYzIifQ&_nc_ht=scontent-sea1-1.cdninstagram.com&_nc_cat=108&_nc_oc=Q6cZ2QEWWPbeyQr9x4geQK2pKc2wTgxaZKIaioyXdoI4Jk3S8LYu5mi70qQEHSovSRutxss&_nc_ohc=2kMsnYXOTvUQ7kNvwEgPddX&_nc_gid=hEYzy6noWuUQ7oFHtH6s0g&edm=ABmJApABAAAA&ccb=7-5&ig_cache_key=MzYxNjUzMDY3ODA4ODY4MzY4Mw%3D%3D.3-ccb7-5&oh=00_AfRyrx2Vdnjact6KTgYDZr02R6ghfujIFjbTWVUz9fjCVA&oe=68861616&_nc_sid=b41fef",
      "https://scontent-sea1-1.cdninstagram.com/v/t51.2885-15/491447862_18270248428283012_4997814083388906750_n.jpg?stp=dst-jpg_e35_tt6&efg=eyJ2ZW5jb2RlX3RhZyI6IkNBUk9VU0VMX0lURU0uaW1hZ2VfdXJsZ2VuLjE0NDB4MTgwMC5zZHIuZjc1NzYxLmRlZmF1bHRfaW1hZ2UuYzIifQ&_nc_ht=scontent-sea1-1.cdninstagram.com&_nc_cat=108&_nc_oc=Q6cZ2QEWWPbeyQr9x4geQK2pKc2wTgxaZKIaioyXdoI4Jk3S8LYu5mi70qQEHSovSRutxss&_nc_ohc=C7K-kJYi4OYQ7kNvwENLkPH&_nc_gid=hEYzy6noWuUQ7oFHtH6s0g&edm=ABmJApABAAAA&ccb=7-5&ig_cache_key=MzYxNjUzMDY3ODEwNTM3MTE0Mg%3D%3D.3-ccb7-5&oh=00_AfRn3h64JTE7FebLA_RdLAtkbRXJYOA4C8FwYcS_pehmrA&oe=68862617&_nc_sid=b41fef",
      "https://scontent-sea1-1.cdninstagram.com/v/t51.2885-15/491452391_18270248437283012_6268597308320295997_n.jpg?stp=dst-jpg_e35_tt6&efg=eyJ2ZW5jb2RlX3RhZyI6IkNBUk9VU0VMX0lURU0uaW1hZ2VfdXJsZ2VuLjE0NDB4MTgwMC5zZHIuZjc1NzYxLmRlZmF1bHRfaW1hZ2UuYzIifQ&_nc_ht=scontent-sea1-1.cdninstagram.com&_nc_cat=108&_nc_oc=Q6cZ2QEWWPbeyQr9x4geQK2pKc2wTgxaZKIaioyXdoI4Jk3S8LYu5mi70qQEHSovSRutxss&_nc_ohc=DvNe8DskSvUQ7kNvwHKPpUy&_nc_gid=hEYzy6noWuUQ7oFHtH6s0g&edm=ABmJApABAAAA&ccb=7-5&ig_cache_key=MzYxNjUzMDY3ODAyMTU1MjgzOQ%3D%3D.3-ccb7-5&oh=00_AfT7398RVNOqKN2j_7ow_6naJhpJctP8HeI3aIGxUpQCwQ&oe=6886100B&_nc_sid=b41fef",
      "https://scontent-sea1-1.cdninstagram.com/v/t51.2885-15/491445428_18270248446283012_4296153705151174178_n.jpg?stp=dst-jpg_e35_tt6&efg=eyJ2ZW5jb2RlX3RhZyI6IkNBUk9VU0VMX0lURU0uaW1hZ2VfdXJsZ2VuLjE0NDB4MTc5OS5zZHIuZjc1NzYxLmRlZmF1bHRfaW1hZ2UuYzIifQ&_nc_ht=scontent-sea1-1.cdninstagram.com&_nc_cat=108&_nc_oc=Q6cZ2QEWWPbeyQr9x4geQK2pKc2wTgxaZKIaioyXdoI4Jk3S8LYu5mi70qQEHSovSRutxss&_nc_ohc=K0lSgKotk1kQ7kNvwHz916U&_nc_gid=hEYzy6noWuUQ7oFHtH6s0g&edm=ABmJApABAAAA&ccb=7-5&ig_cache_key=MzYxNjUzMDY3Nzk3OTU2MDM5MA%3D%3D.3-ccb7-5&oh=00_AfSO_zj2sUQW6XXexhmvF9CO6K-yn90wI386SNRmqV4t2g&oe=688619E6&_nc_sid=b41fef"
    ],
    "profile": {
      "biography": "streamer @fazeclan \njason@unitedtalent.com",
      "profile_pic_url": "https://scontent-sea1-1.cdninstagram.com/v/t51.2885-19/468323926_1291159485213644_2573216907994312971_n.jpg?stp=dst-jpg_s320x320_tt6&efg=eyJ2ZW5jb2RlX3RhZyI6InByb2ZpbGVfcGljLmRqYW5nby4xMDgwLmMyIn0&_nc_ht=scontent-sea1-1.cdninstagram.com&_nc_cat=1&_nc_oc=Q6cZ2QFfko6UjucC0D8-OkoNWAEj8A4CJXkoIrzxaQfAw-dMeGkiCoPIfrz9aScSMhCzl_Y&_nc_ohc=H8Oux7Xox_oQ7kNvwGYXNUN&_nc_gid=b7V_FrAcrYb5u_ElII7UCg&edm=AOQ1c0wBAAAA&ccb=7-5&oh=00_AfSDWBbACF2uWQQN9oGKdpHNBwQsbJHTZ1aJbHZRSV-Y_Q&oe=6885F79F&_nc_sid=8b3546"
    },
    "isEvent": false,
    "eventDayTime": null,
    "userFetchedFrom": "jasontheween"
  }
}