{
  "extractor": {
    "instagram": {
      "cookies": {
        "sessionid": "48292730845%3ATZ1IoC4pRqwkjH%3A14%3AAYe7FeIYtSgfke3UQVCrB5wtd53LySOJP6x77ixvag"
      },
      "media-types": ["image"],
      "owner-posts-only": true,
      "include": ["posts"],
      "recursive": false,
      "tagged": false,
      "reels": false,
      "highlights": false,
      "stories": false,
      "igtv": false,
      "videos": false,
      "order-files": "asc",
      "order-posts": "desc",
      "max-posts": 10,
      "sleep-request": [6, 15],
      "metadata": true
    }
  }
}